﻿{
  "ProviderId": "Microsoft.VisualStudio.ConnectedService.Wcf",
  "Version": "15.0.40203.910",
  "GettingStartedDocument": {
    "Uri": "https://go.microsoft.com/fwlink/?linkid=858517"
  },
  "ExtendedData": {
    "inputs": [
      "http://localhost:8733/Design_Time_Addresses/WcfServiceEnseignement/ServiceEnseignement/mex"
    ],
    "collectionTypes": [
      "System.Array",
      "System.Collections.Generic.Dictionary`2"
    ],
    "namespaceMappings": [
      "*, ServiceReferenceEnseignement"
    ],
    "targetFramework": "netcoreapp3.1",
    "typeReuseMode": "All"
  }
}