<?xml version="1.0" encoding="UTF-8"?>
<project-private xmlns="http://www.netbeans.org/ns/project-private/1">
    <editor-bookmarks xmlns="http://www.netbeans.org/ns/editor-bookmarks/2" lastBookmarkId="0"/>
    <open-files xmlns="http://www.netbeans.org/ns/projectui-open-files/2">
        <group>
            <file>file:/C:/Users/ahmed/Documents/NetBeansProjects/ClientCalculatrice/src/clientcalculatrice/ClientCalculatrice.java</file>
            <file>file:/C:/Users/ahmed/Documents/NetBeansProjects/ClientCalculatrice/xml-resources/web-service-references/CalculatriceWS/wsdl/localhost_8080/Calculatrice/CalculatriceWS.wsdl</file>
        </group>
    </open-files>
</project-private>
